ev_id,alan_m2,oda_sayisi,banyo_sayisi,bina_yasi,semt,balkon,otopark,fiyat_tl
1,196,1,3,9,Besiktas,Var,Var,16270000
2,242,2,2,4,Kadikoy,Var,Var,18265000
3,164,2,1,12,Kadikoy,Var,Var,12093000
4,53,2,3,2,Kadikoy,Yok,Var,4674000
5,218,3,1,33,Uskudar,Yok,Var,14607000
6,46,2,3,19,Uskudar,Yok,Var,3509000
7,125,4,2,1,Sisli,Var,Yok,10553000
8,300,5,3,22,Besiktas,Var,Yok,25005000
9,183,5,2,13,Kadikoy,Yok,Var,14192000
10,222,3,2,27,Kadikoy,Var,Yok,16342000
11,339,3,3,2,Kadikoy,Var,Var,25181000
12,109,3,3,2,Uskudar,Var,Yok,8032000
13,302,4,1,19,Kartal,Var,Var,17400000
14,273,2,2,40,Kartal,Var,Yok,15009000
15,157,5,3,29,Kadikoy,Var,Var,12140000
16,121,5,2,21,Uskudar,Yok,Var,8613000
17,124,3,1,9,Kadikoy,Var,Yok,8999000
18,170,5,1,46,Besiktas,Var,Var,13801000
19,238,2,3,44,Uskudar,Var,Yok,15725000
20,179,1,1,49,Atasehir,Var,Var,11295000
21,85,5,2,19,Besiktas,Var,Var,8069000
22,336,5,2,44,Uskudar,Var,Yok,22678000
23,160,3,3,17,Besiktas,Var,Yok,13388000
24,316,3,1,16,Uskudar,Var,Var,21040000
25,98,2,3,17,Uskudar,Var,Var,7071000
26,126,1,3,3,Uskudar,Var,Var,8883000
27,280,4,3,21,Sisli,Yok,Var,21336000
28,126,5,1,6,Kartal,Var,Var,7707000
29,317,2,2,2,Kartal,Var,Yok,18191000
30,170,4,1,37,Besiktas,Yok,Var,13928000
31,181,1,2,47,Besiktas,Var,Var,14312000
32,41,3,1,30,Kadikoy,Var,Var,3542000
33,170,3,1,14,Kadikoy,Yok,Var,12798000
34,135,3,3,45,Kartal,Var,Yok,7319000
35,209,4,2,40,Besiktas,Var,Var,17013000
36,335,1,2,18,Besiktas,Var,Var,27336000
37,44,1,3,0,Kadikoy,Var,Var,3617000
38,299,1,2,23,Kadikoy,Var,Yok,21595000
39,163,5,3,15,Besiktas,Var,Var,14256000
40,205,2,1,7,Sisli,Var,Yok,15654000
41,185,2,2,28,Uskudar,Var,Var,12776000
42,190,4,1,47,Uskudar,Var,Yok,12578000
43,295,2,2,15,Kartal,Yok,Yok,16587000
44,332,4,3,47,Sisli,Yok,Var,24850000
45,346,2,1,39,Atasehir,Var,Yok,21667000
46,223,3,2,41,Kartal,Var,Var,12778000
47,257,4,1,3,Atasehir,Yok,Var,16920000
48,332,4,1,28,Kadikoy,Var,Yok,24541000
49,329,1,2,7,Uskudar,Var,Var,22090000
50,349,3,2,4,Sisli,Yok,Yok,26119000
51,54,1,1,23,Sisli,Var,Var,3920000
52,50,1,1,0,Sisli,Var,Yok,3982000
53,220,2,3,27,Besiktas,Var,Yok,17912000
54,76,4,1,0,Uskudar,Yok,Yok,5276000
55,307,4,3,29,Sisli,Var,Yok,23524000
56,275,4,1,5,Kadikoy,Var,Yok,20403000
57,79,3,3,5,Uskudar,Var,Yok,5875000
58,79,2,2,22,Uskudar,Var,Yok,5858000
59,72,5,1,23,Kartal,Yok,Var,4530000
60,145,2,3,20,Kadikoy,Yok,Var,10879000
61,301,2,1,27,Uskudar,Yok,Var,19604000
62,133,5,3,44,Kadikoy,Var,Yok,10439000
63,258,3,2,46,Kadikoy,Yok,Var,18509000
64,210,2,3,31,Besiktas,Var,Var,17329000
65,226,5,1,5,Kartal,Var,Yok,13105000
66,55,4,2,21,Atasehir,Var,Var,4141000
67,249,2,3,3,Besiktas,Yok,Var,20831000
68,179,2,1,5,Kartal,Yok,Yok,9841000
69,83,2,2,21,Sisli,Yok,Var,6857000
70,212,4,3,0,Besiktas,Var,Yok,18241000
71,228,4,3,28,Atasehir,Var,Var,15174000
72,76,1,1,49,Kartal,Var,Var,4324000
73,195,4,1,0,Uskudar,Var,Yok,13415000
74,145,1,1,22,Besiktas,Var,Yok,11578000
75,273,4,2,8,Uskudar,Var,Yok,18991000
76,196,5,2,23,Atasehir,Var,Yok,13195000
77,50,5,3,28,Besiktas,Var,Var,5205000
78,134,5,2,48,Atasehir,Var,Yok,8530000
79,214,5,1,10,Besiktas,Var,Yok,17629000
80,169,3,2,45,Sisli,Var,Var,12903000
81,122,3,1,6,Sisli,Yok,Var,9747000
82,168,2,2,42,Uskudar,Var,Yok,10939000
83,141,5,2,14,Kadikoy,Var,Var,11309000
84,68,3,1,3,Sisli,Var,Var,5779000
85,256,3,1,1,Sisli,Var,Var,19891000
86,222,1,3,35,Kadikoy,Var,Var,16203000
87,204,2,1,26,Kadikoy,Yok,Yok,14909000
88,62,1,1,15,Kadikoy,Yok,Var,4813000
89,247,1,2,44,Kartal,Var,Yok,13556000
90,219,5,2,18,Besiktas,Var,Var,18512000
91,289,4,3,33,Besiktas,Var,Yok,23883000
92,65,2,3,16,Kartal,Var,Var,3616000
93,140,4,2,34,Sisli,Yok,Yok,10513000
94,207,4,1,1,Kartal,Yok,Yok,11934000
95,80,3,3,37,Besiktas,Var,Var,7001000
96,303,5,2,28,Uskudar,Var,Var,20663000
97,116,1,1,41,Besiktas,Yok,Yok,9111000
98,129,4,2,38,Atasehir,Yok,Var,8610000
99,160,4,2,28,Kartal,Var,Var,9437000
100,65,2,3,22,Sisli,Var,Var,5424000
101,94,2,2,49,Atasehir,Yok,Yok,6136000
102,139,2,1,20,Kadikoy,Var,Var,10502000
103,104,3,3,27,Uskudar,Var,Var,7535000
104,171,1,1,41,Besiktas,Var,Yok,13932000
105,238,2,3,13,Uskudar,Var,Var,16295000
106,229,4,1,15,Uskudar,Var,Var,15909000
107,309,2,2,24,Atasehir,Var,Var,19772000
108,86,5,2,37,Besiktas,Yok,Var,7234000
109,238,5,3,9,Sisli,Var,Yok,18745000
110,41,5,3,17,Sisli,Var,Yok,4204000
111,41,1,3,23,Besiktas,Var,Yok,3205000
112,301,3,1,11,Kartal,Yok,Var,17100000
113,156,1,2,35,Kartal,Yok,Yok,8249000
114,181,5,2,28,Sisli,Var,Yok,14217000
115,310,1,3,31,Kadikoy,Var,Var,22199000
116,217,5,2,48,Sisli,Var,Yok,16587000
117,254,3,2,43,Sisli,Var,Yok,18593000
118,288,5,2,27,Besiktas,Var,Yok,23887000
119,243,3,1,49,Atasehir,Var,Yok,15283000
120,276,5,1,48,Kartal,Var,Var,15275000
121,79,4,1,46,Atasehir,Var,Var,5133000
122,307,3,1,24,Besiktas,Var,Yok,24946000
123,168,4,1,9,Kadikoy,Var,Var,12883000
124,139,3,2,17,Atasehir,Var,Yok,8965000
125,91,3,2,34,Sisli,Var,Var,7228000
126,100,3,1,20,Kadikoy,Var,Var,7550000
127,87,3,3,47,Atasehir,Var,Yok,5428000
128,43,2,2,32,Kartal,Var,Var,2715000
129,126,2,1,3,Atasehir,Var,Var,8609000
130,162,5,2,5,Uskudar,Yok,Var,11247000
131,333,2,3,13,Kartal,Var,Var,19221000
132,228,1,1,2,Kadikoy,Var,Var,16926000
133,275,4,3,30,Kartal,Yok,Var,15671000
134,215,2,1,8,Besiktas,Var,Yok,17374000
135,288,4,1,13,Kartal,Var,Yok,16310000
136,312,5,1,42,Kartal,Var,Var,17490000
137,318,4,2,39,Atasehir,Var,Var,20761000
138,296,1,2,41,Kartal,Var,Var,16547000
139,255,3,3,31,Uskudar,Var,Yok,17522000
140,193,1,1,23,Atasehir,Var,Yok,12529000
141,93,4,1,44,Atasehir,Var,Yok,6090000
142,78,4,2,27,Atasehir,Var,Var,5559000
143,330,3,1,38,Uskudar,Yok,Var,21773000
144,195,2,1,30,Besiktas,Yok,Var,15531000
145,291,2,1,16,Sisli,Var,Var,21678000
146,325,2,2,22,Uskudar,Var,Var,21789000
147,63,5,1,10,Sisli,Var,Yok,5435000
148,313,4,2,10,Kartal,Yok,Yok,17580000
149,127,4,2,5,Atasehir,Yok,Var,8639000
150,248,2,3,37,Kartal,Var,Var,13939000
151,182,1,1,41,Besiktas,Var,Var,14517000
152,244,1,2,40,Uskudar,Var,Var,16238000
153,191,2,2,43,Uskudar,Var,Yok,12853000
154,296,3,3,43,Sisli,Yok,Var,21953000
155,332,3,2,8,Atasehir,Var,Var,21985000
156,252,5,1,1,Uskudar,Var,Var,17912000
157,168,5,1,15,Uskudar,Var,Var,11971000
158,233,5,3,47,Kadikoy,Yok,Yok,16966000
159,91,5,3,16,Sisli,Var,Var,7540000
160,164,4,1,5,Kartal,Yok,Yok,9559000
161,270,4,1,39,Besiktas,Var,Var,22056000
162,163,1,3,35,Kadikoy,Yok,Yok,11477000
163,348,2,2,45,Atasehir,Var,Var,22118000
164,190,3,1,48,Sisli,Var,Var,14204000
165,313,5,2,20,Kartal,Var,Var,17811000
166,313,3,1,43,Sisli,Yok,Var,23741000
167,112,1,3,28,Sisli,Var,Yok,7946000
168,238,2,2,26,Kadikoy,Var,Var,17145000
169,334,2,3,35,Uskudar,Var,Var,22585000
170,295,1,1,3,Kadikoy,Yok,Var,21590000
171,191,1,2,32,Kartal,Yok,Var,10381000
172,195,2,3,24,Kadikoy,Var,Var,14971000
173,286,5,3,44,Besiktas,Yok,Yok,23083000
174,206,1,3,18,Uskudar,Var,Var,14097000
175,208,1,3,9,Besiktas,Yok,Var,17003000
176,256,1,1,7,Uskudar,Var,Yok,17082000
177,346,3,2,34,Uskudar,Var,Var,23293000
178,255,5,2,17,Sisli,Var,Yok,19666000
179,196,1,1,35,Kadikoy,Yok,Var,13873000
180,108,5,3,6,Besiktas,Var,Var,10120000
181,129,4,3,0,Kadikoy,Var,Yok,10435000
182,327,1,3,5,Uskudar,Var,Var,22094000
183,300,2,3,1,Sisli,Var,Var,23214000
184,109,3,3,22,Atasehir,Var,Yok,7746000
185,150,4,2,28,Kadikoy,Var,Yok,11703000
186,244,4,2,46,Besiktas,Var,Var,19437000
187,237,3,2,5,Sisli,Yok,Var,18284000
188,152,2,1,3,Uskudar,Var,Yok,10526000
189,258,5,1,5,Kartal,Yok,Var,15000000
190,127,3,2,13,Atasehir,Var,Var,8326000
191,317,2,3,11,Kartal,Var,Var,17853000
192,347,4,1,45,Besiktas,Yok,Var,28049000
193,124,1,2,45,Atasehir,Var,Var,8456000
194,250,5,2,15,Sisli,Var,Var,19864000
195,212,4,2,43,Atasehir,Yok,Var,13923000
196,127,4,3,31,Kadikoy,Yok,Var,9625000
197,235,1,3,41,Besiktas,Var,Var,18704000
198,265,4,3,40,Besiktas,Var,Yok,21667000
199,197,3,3,5,Kadikoy,Var,Var,15397000
200,273,1,1,2,Atasehir,Yok,Var,17416000
201,334,2,3,28,Kadikoy,Var,Var,24300000
202,152,3,2,10,Atasehir,Var,Var,10236000
203,151,1,1,3,Kartal,Var,Var,8639000
204,329,2,1,34,Besiktas,Var,Yok,26326000
205,285,1,3,24,Sisli,Var,Yok,21409000
206,340,3,3,7,Uskudar,Var,Yok,22985000
207,276,2,2,49,Besiktas,Yok,Var,21801000
208,122,2,3,17,Kartal,Yok,Var,7113000
209,216,2,1,35,Sisli,Var,Var,16086000
210,266,3,1,48,Kartal,Var,Var,14809000
211,153,1,3,1,Kadikoy,Yok,Var,11803000
212,102,2,3,4,Atasehir,Yok,Var,7614000
213,267,1,3,20,Kartal,Yok,Yok,14935000
214,107,2,3,43,Kartal,Var,Var,5766000
215,339,5,3,17,Besiktas,Yok,Var,28409000
216,279,4,1,10,Kadikoy,Var,Yok,20394000
217,288,4,1,31,Besiktas,Var,Var,23425000
218,333,1,2,6,Sisli,Var,Var,25472000
219,325,3,1,26,Kartal,Var,Var,18174000
220,193,2,1,45,Kadikoy,Yok,Yok,13444000
221,153,4,3,27,Kartal,Yok,Yok,8398000
222,137,2,1,22,Kadikoy,Var,Var,10050000
223,264,3,2,27,Kadikoy,Yok,Var,19236000
224,127,1,3,26,Uskudar,Var,Var,8576000
225,257,3,1,17,Besiktas,Var,Var,21072000
226,180,1,3,4,Uskudar,Var,Yok,12143000
227,111,2,3,2,Besiktas,Var,Yok,9382000
228,238,3,3,13,Kadikoy,Yok,Yok,17482000
229,86,3,2,21,Kartal,Yok,Var,5241000
230,324,3,3,22,Kadikoy,Var,Var,23488000
231,128,5,3,1,Sisli,Var,Yok,10887000
232,271,1,2,42,Atasehir,Yok,Var,17172000
233,214,2,2,38,Uskudar,Var,Var,14563000
234,312,2,3,4,Kartal,Var,Var,17710000
235,271,1,1,20,Kadikoy,Var,Var,19594000
236,275,3,2,10,Sisli,Var,Var,21504000
237,206,5,2,26,Kadikoy,Var,Var,15434000
238,173,5,3,48,Besiktas,Var,Var,14181000
239,69,4,1,36,Atasehir,Yok,Var,4669000
240,335,3,3,47,Sisli,Var,Var,25140000
241,211,4,3,17,Kartal,Var,Var,12383000
242,228,5,2,43,Kartal,Var,Var,12814000
243,319,1,2,17,Sisli,Var,Yok,23814000
244,180,1,3,24,Kartal,Var,Var,10280000
245,52,1,3,17,Sisli,Var,Yok,4230000
246,250,3,3,22,Kadikoy,Yok,Var,18491000
247,93,2,2,49,Sisli,Yok,Var,6408000
248,273,2,2,10,Uskudar,Var,Var,18421000
249,250,5,1,1,Kadikoy,Var,Var,18783000
250,217,5,3,42,Kadikoy,Yok,Yok,16530000
251,169,2,1,13,Kartal,Var,Var,9619000
252,189,5,3,25,Uskudar,Yok,Var,13169000
253,98,5,3,14,Kadikoy,Var,Var,8274000
254,323,3,3,12,Sisli,Var,Var,24579000
255,122,2,3,1,Besiktas,Yok,Yok,10508000
256,197,2,2,37,Atasehir,Var,Var,12938000
257,67,5,3,11,Kartal,Var,Var,4822000
258,206,4,2,3,Kadikoy,Var,Var,15666000
259,323,2,3,4,Uskudar,Var,Yok,22325000
260,330,1,3,41,Sisli,Yok,Yok,24707000
261,218,4,1,32,Sisli,Var,Yok,16144000
262,337,1,3,11,Uskudar,Var,Var,22798000
263,59,3,1,20,Kartal,Var,Yok,3414000
264,242,5,1,34,Atasehir,Var,Var,15695000
265,285,5,3,39,Atasehir,Var,Var,18596000
266,172,4,2,21,Kartal,Yok,Var,9816000
267,195,1,1,1,Kadikoy,Var,Yok,14544000
268,84,2,1,21,Besiktas,Var,Var,7125000
269,188,4,3,41,Kartal,Var,Var,10830000
270,70,3,2,46,Besiktas,Var,Yok,5956000
271,306,5,3,20,Atasehir,Var,Yok,20096000
272,134,1,3,23,Besiktas,Yok,Yok,10898000
273,122,5,1,47,Atasehir,Var,Yok,7752000
274,43,2,2,27,Uskudar,Var,Var,3249000
275,51,4,3,40,Sisli,Var,Var,4867000
276,302,4,1,19,Uskudar,Var,Var,20703000
277,155,4,3,9,Kadikoy,Var,Yok,11907000
278,109,4,1,14,Besiktas,Var,Yok,9291000
279,344,5,1,17,Atasehir,Yok,Var,22419000
280,89,3,1,17,Besiktas,Yok,Var,7785000
281,71,1,3,2,Besiktas,Var,Yok,6157000
282,192,1,1,36,Atasehir,Var,Var,12161000
283,46,5,1,25,Sisli,Var,Yok,4045000
284,238,5,2,32,Uskudar,Yok,Var,16535000
285,86,2,1,26,Sisli,Var,Yok,6420000
286,52,5,2,3,Kadikoy,Var,Var,5280000
287,318,1,2,35,Kadikoy,Var,Var,22950000
288,79,1,3,45,Kadikoy,Var,Var,5513000
289,189,1,2,8,Kartal,Yok,Var,10505000
290,337,2,2,4,Kadikoy,Var,Var,24697000
291,340,5,2,44,Kadikoy,Yok,Var,24677000
292,229,5,1,10,Atasehir,Var,Var,15194000
293,305,2,1,28,Uskudar,Yok,Yok,20306000
294,329,1,3,31,Besiktas,Var,Var,26723000
295,246,5,3,18,Besiktas,Var,Yok,20647000
296,105,5,2,19,Atasehir,Var,Var,7588000
297,133,5,3,42,Atasehir,Var,Var,9069000
298,288,5,3,8,Uskudar,Yok,Yok,20123000
299,337,2,3,8,Uskudar,Var,Yok,22825000
300,85,3,2,27,Kadikoy,Yok,Var,6340000
301,311,2,3,27,Uskudar,Var,Var,21216000
302,232,5,1,17,Sisli,Var,Var,18207000
303,128,5,2,46,Kadikoy,Var,Yok,9751000
304,289,1,1,41,Uskudar,Var,Var,18691000
305,55,2,1,18,Uskudar,Yok,Var,4052000
306,92,4,2,48,Sisli,Var,Yok,7331000
307,260,4,1,34,Kartal,Yok,Yok,14264000
308,68,2,1,0,Uskudar,Var,Var,5161000
309,285,3,2,26,Atasehir,Yok,Yok,18179000
310,240,4,3,9,Kartal,Yok,Yok,14136000
311,224,5,2,21,Atasehir,Var,Var,14772000
312,188,5,2,1,Kartal,Yok,Yok,10909000
313,151,5,1,19,Sisli,Var,Var,12165000
314,206,1,1,46,Atasehir,Var,Yok,12527000
315,348,5,1,30,Atasehir,Var,Var,22486000
316,255,5,2,41,Sisli,Var,Yok,19662000
317,281,4,3,16,Sisli,Var,Yok,21398000
318,302,3,2,31,Uskudar,Var,Var,20297000
319,285,1,3,22,Uskudar,Var,Var,19584000
320,237,3,1,44,Atasehir,Var,Var,15349000
321,308,4,3,25,Kartal,Yok,Var,17246000
322,297,1,3,18,Besiktas,Var,Yok,24121000
323,147,3,3,37,Atasehir,Var,Var,9838000
324,341,2,1,37,Besiktas,Var,Var,27520000
325,96,3,3,10,Atasehir,Var,Var,6942000
326,346,4,1,23,Besiktas,Var,Yok,28090000
327,43,1,3,6,Kadikoy,Var,Var,3694000
328,161,1,1,20,Besiktas,Var,Yok,13084000
329,266,1,3,21,Uskudar,Var,Var,17702000
330,114,1,3,23,Uskudar,Var,Yok,7834000
331,107,4,2,30,Besiktas,Var,Yok,8635000
332,307,1,2,27,Kadikoy,Var,Var,22023000
333,323,2,3,42,Atasehir,Var,Var,20698000
334,142,3,2,9,Sisli,Var,Var,11688000
335,128,4,2,13,Kadikoy,Var,Yok,9585000
336,289,4,3,3,Atasehir,Var,Var,19341000
337,259,5,3,28,Kartal,Var,Var,15011000
338,102,1,3,10,Besiktas,Var,Yok,8665000
339,91,3,1,13,Kadikoy,Var,Var,7091000
340,94,4,2,43,Uskudar,Var,Yok,6683000
341,67,1,1,20,Uskudar,Var,Yok,4356000
342,174,4,2,36,Kartal,Var,Yok,10009000
343,324,3,1,36,Kartal,Var,Var,17968000
344,161,1,3,22,Sisli,Var,Yok,12146000
345,107,1,1,9,Atasehir,Var,Var,7295000
346,65,5,3,28,Uskudar,Yok,Var,5156000
347,280,4,1,33,Uskudar,Yok,Var,18816000
348,337,3,3,20,Uskudar,Var,Yok,23007000
349,91,3,3,21,Kartal,Yok,Yok,5407000
350,140,1,1,8,Uskudar,Var,Yok,9267000
351,137,2,3,33,Atasehir,Var,Yok,8681000
352,75,3,2,9,Kartal,Var,Yok,4587000
353,106,3,1,6,Besiktas,Var,Var,9404000
354,116,4,1,30,Besiktas,Var,Var,9544000
355,167,1,3,0,Uskudar,Var,Var,11711000
356,62,3,3,16,Sisli,Var,Var,5478000
357,293,2,2,17,Atasehir,Var,Var,18995000
358,213,4,2,45,Atasehir,Var,Var,14085000
359,255,3,3,12,Uskudar,Var,Var,17434000
360,286,1,1,32,Atasehir,Var,Yok,18289000
361,46,1,3,24,Kartal,Yok,Var,2886000
362,247,5,3,37,Kadikoy,Var,Var,18530000
363,92,1,2,34,Atasehir,Var,Var,6165000
364,163,4,2,46,Atasehir,Var,Var,10533000
365,333,2,2,20,Uskudar,Yok,Yok,22084000
366,283,4,2,6,Kartal,Var,Yok,16160000
367,348,3,3,16,Atasehir,Var,Yok,22288000
368,170,5,3,3,Uskudar,Var,Yok,12246000
369,227,3,2,14,Uskudar,Var,Var,15574000
370,42,2,2,31,Uskudar,Var,Var,2932000
371,163,3,3,26,Atasehir,Var,Yok,10407000
372,166,3,3,42,Kartal,Var,Yok,9217000
373,315,3,2,6,Besiktas,Var,Var,25985000
374,75,1,3,40,Atasehir,Var,Var,4784000
375,104,2,3,33,Besiktas,Yok,Var,8623000
376,85,1,2,33,Atasehir,Var,Var,5356000
377,169,5,2,43,Uskudar,Yok,Var,11551000
378,83,4,2,10,Kadikoy,Var,Var,6899000
379,207,3,2,5,Kadikoy,Var,Var,15765000
380,132,3,1,28,Besiktas,Var,Var,11288000
381,199,4,1,27,Atasehir,Var,Var,13249000
382,142,2,1,37,Kartal,Var,Var,8109000
383,328,1,3,17,Besiktas,Yok,Yok,26695000
384,219,3,3,0,Besiktas,Var,Var,18590000
385,159,5,3,14,Atasehir,Var,Yok,10727000
386,329,4,3,34,Uskudar,Yok,Var,22060000
387,154,4,1,12,Uskudar,Yok,Var,10945000
388,222,4,3,17,Kadikoy,Var,Yok,16788000
389,282,2,1,22,Kartal,Yok,Yok,15849000
390,301,3,3,14,Uskudar,Var,Var,20673000
391,302,3,2,31,Uskudar,Var,Yok,19911000
392,343,4,2,40,Uskudar,Yok,Yok,22933000
393,85,5,3,14,Uskudar,Var,Var,6710000
394,203,5,2,13,Kadikoy,Var,Yok,15488000
395,287,4,1,42,Sisli,Var,Var,21726000
396,71,1,3,1,Sisli,Var,Var,6017000
397,266,2,1,29,Atasehir,Var,Yok,17026000
398,55,4,2,13,Kartal,Var,Var,3730000
399,285,1,2,27,Kartal,Yok,Yok,15755000
400,301,5,1,18,Uskudar,Var,Yok,20388000
401,267,4,2,5,Sisli,Var,Yok,20425000
402,236,5,3,28,Sisli,Var,Var,18700000
403,147,4,3,40,Sisli,Yok,Yok,10979000
404,193,2,2,10,Sisli,Yok,Var,15076000
405,255,2,1,45,Sisli,Var,Var,18758000
406,266,3,2,27,Besiktas,Var,Var,21814000
407,72,4,1,34,Besiktas,Yok,Yok,5684000
408,40,4,2,20,Kadikoy,Yok,Var,3262000
409,316,4,2,49,Uskudar,Yok,Yok,20901000
410,304,3,1,8,Atasehir,Var,Yok,19732000
411,163,1,3,16,Besiktas,Var,Var,13223000
412,263,5,1,39,Atasehir,Var,Yok,16889000
413,127,5,3,35,Atasehir,Var,Yok,8411000
414,207,2,1,22,Sisli,Var,Var,15183000
415,178,4,3,37,Uskudar,Var,Var,12188000
416,251,1,2,39,Kartal,Var,Yok,13650000
417,226,4,1,1,Kartal,Var,Var,13247000
418,223,4,3,39,Atasehir,Var,Var,14465000
419,274,1,3,19,Sisli,Yok,Yok,20397000
420,178,5,1,47,Besiktas,Var,Var,14854000
421,61,4,3,24,Uskudar,Var,Var,5182000
422,194,5,2,45,Besiktas,Var,Var,15758000
423,86,1,1,0,Besiktas,Var,Var,7583000
424,41,1,1,45,Sisli,Var,Yok,2732000
425,89,2,1,29,Kartal,Yok,Var,5189000
426,243,1,3,25,Kadikoy,Var,Yok,17472000
427,262,4,1,28,Kadikoy,Var,Yok,19228000
428,344,2,1,30,Besiktas,Var,Yok,27406000
429,123,1,1,15,Kadikoy,Var,Var,9077000
430,174,3,2,20,Kadikoy,Var,Var,13098000
431,117,5,1,31,Kartal,Yok,Var,6884000
432,79,2,1,2,Atasehir,Var,Var,5490000
433,63,3,1,41,Sisli,Yok,Var,4537000
434,237,1,1,19,Kartal,Yok,Var,13316000
435,242,3,2,30,Uskudar,Yok,Var,16601000
436,177,4,2,37,Besiktas,Var,Var,14480000
437,120,2,1,1,Sisli,Var,Var,9356000
438,91,3,3,21,Atasehir,Var,Var,6801000
439,306,2,3,48,Kadikoy,Var,Var,21799000
440,185,4,1,10,Besiktas,Var,Yok,15558000
441,257,1,2,43,Atasehir,Yok,Yok,15738000
442,85,1,2,46,Besiktas,Var,Var,7003000
443,310,5,2,48,Atasehir,Var,Var,20139000
444,294,4,1,4,Uskudar,Yok,Yok,19764000
445,49,4,3,2,Uskudar,Yok,Var,4530000
446,189,4,3,44,Kadikoy,Yok,Var,14295000
447,150,1,3,48,Kadikoy,Var,Var,10789000
448,273,5,2,14,Atasehir,Var,Var,18438000
449,317,1,3,29,Kartal,Yok,Yok,17472000
450,76,5,1,17,Sisli,Var,Yok,6297000
451,42,5,3,6,Uskudar,Var,Var,3815000
452,66,1,2,0,Sisli,Var,Var,5515000
453,108,5,3,1,Kartal,Yok,Var,7352000
454,303,2,3,2,Kartal,Var,Yok,17210000
455,149,4,3,38,Kartal,Yok,Yok,8918000
456,174,5,2,45,Uskudar,Yok,Yok,11219000
457,132,5,1,42,Sisli,Var,Var,10246000
458,280,4,2,5,Atasehir,Var,Var,18064000
459,326,5,3,43,Uskudar,Var,Var,21959000
460,70,1,2,15,Atasehir,Var,Var,5071000
461,134,5,2,31,Besiktas,Var,Yok,11454000
462,113,3,1,35,Sisli,Yok,Yok,8447000
463,142,4,3,23,Uskudar,Var,Var,10215000
464,322,4,1,16,Uskudar,Var,Var,21837000
465,152,2,2,12,Kartal,Yok,Yok,8410000
466,76,3,1,17,Sisli,Var,Var,6531000
467,165,2,2,18,Kartal,Var,Var,9513000
468,206,5,1,17,Sisli,Yok,Yok,15614000
469,121,4,3,30,Kadikoy,Yok,Var,9138000
470,126,3,2,31,Kadikoy,Var,Var,9294000
471,144,1,1,24,Besiktas,Var,Yok,11625000
472,133,4,2,27,Besiktas,Var,Var,11502000
473,147,3,3,32,Uskudar,Var,Var,10290000
474,55,4,2,35,Kartal,Var,Var,3432000
475,317,3,2,43,Atasehir,Var,Yok,20001000
476,250,2,2,45,Atasehir,Var,Yok,15593000
477,346,2,2,4,Uskudar,Var,Yok,23330000
478,54,2,1,31,Kartal,Var,Var,3213000
479,43,4,2,42,Sisli,Yok,Yok,3381000
480,144,2,3,17,Kartal,Var,Yok,8314000
481,187,1,3,27,Besiktas,Var,Var,15169000
482,205,3,3,20,Kadikoy,Yok,Yok,15258000
483,215,1,2,14,Besiktas,Yok,Var,17680000
484,341,5,1,27,Kadikoy,Yok,Var,24730000
485,334,3,2,45,Kadikoy,Var,Var,24257000
486,304,4,2,46,Sisli,Var,Var,23138000
487,201,5,3,9,Besiktas,Var,Var,17040000
488,190,5,2,23,Sisli,Yok,Var,14624000
489,297,2,1,41,Atasehir,Var,Var,18975000
490,292,1,3,5,Besiktas,Var,Yok,23930000
491,317,1,2,47,Kartal,Yok,Yok,17319000
492,147,5,3,25,Atasehir,Var,Yok,10113000
493,309,1,2,5,Kartal,Var,Yok,17173000
494,50,1,2,3,Sisli,Yok,Yok,3941000
495,277,3,1,30,Besiktas,Var,Var,22246000
496,104,1,2,39,Besiktas,Yok,Var,8263000
497,46,3,1,27,Uskudar,Var,Yok,3242000
498,57,3,2,4,Besiktas,Var,Yok,5639000
499,63,2,2,29,Kartal,Var,Var,3464000
500,139,3,1,36,Atasehir,Var,Var,9155000
501,232,1,3,11,Kadikoy,Yok,Var,17312000
502,204,1,1,2,Kartal,Var,Yok,11380000
503,61,3,2,32,Besiktas,Var,Yok,5123000
504,146,4,3,24,Atasehir,Var,Yok,9677000
505,142,5,2,36,Kartal,Yok,Yok,7977000
506,203,3,3,9,Besiktas,Var,Var,17283000
507,162,5,3,36,Uskudar,Yok,Var,10828000
508,197,2,1,42,Kadikoy,Var,Var,13756000
509,162,2,1,3,Kadikoy,Yok,Yok,12390000
510,120,5,3,44,Sisli,Var,Var,9465000
511,102,1,3,20,Kadikoy,Var,Var,7583000
512,304,4,3,4,Sisli,Var,Yok,23411000
513,224,3,1,25,Kadikoy,Var,Var,16704000
514,166,5,3,24,Atasehir,Yok,Var,11257000
515,111,3,3,47,Kadikoy,Var,Yok,8324000
516,103,1,3,29,Sisli,Var,Var,8212000
517,243,4,3,10,Sisli,Yok,Var,18620000
518,212,5,3,7,Kartal,Var,Yok,12536000
519,128,2,2,40,Kadikoy,Var,Var,9260000
520,222,3,2,1,Kadikoy,Var,Var,16652000
521,171,1,1,22,Kadikoy,Yok,Var,12359000
522,226,2,2,18,Sisli,Yok,Var,17216000
523,223,5,2,10,Kadikoy,Var,Yok,17003000
524,263,1,3,31,Kadikoy,Var,Yok,18508000
525,300,3,3,3,Besiktas,Var,Yok,24953000
526,169,1,2,4,Kadikoy,Yok,Var,12741000
527,311,3,1,19,Uskudar,Var,Var,21035000
528,95,5,2,21,Kartal,Yok,Var,5678000
529,176,1,3,24,Sisli,Yok,Var,13393000
530,329,5,1,1,Besiktas,Var,Yok,27454000
531,298,5,3,33,Atasehir,Var,Var,19900000
532,240,3,1,29,Kadikoy,Var,Var,17361000
533,270,5,1,48,Sisli,Var,Var,20446000
534,80,5,3,4,Kartal,Var,Yok,5248000
535,294,5,2,11,Kadikoy,Var,Var,22027000
536,103,4,2,37,Besiktas,Var,Yok,8538000
537,81,3,1,38,Kartal,Var,Yok,4639000
538,165,4,3,35,Sisli,Var,Yok,13168000
539,325,2,2,39,Kartal,Var,Var,17898000
540,227,3,1,18,Sisli,Var,Yok,17286000
541,130,1,1,48,Kartal,Var,Var,6980000
542,346,4,2,23,Uskudar,Var,Var,23492000
543,330,5,1,43,Uskudar,Var,Var,21851000
544,114,2,3,38,Kadikoy,Var,Yok,8087000
545,252,1,1,25,Atasehir,Var,Var,16034000
546,259,4,1,22,Kartal,Var,Yok,14764000
547,260,3,1,4,Kadikoy,Yok,Yok,19265000
548,328,1,2,15,Kadikoy,Var,Var,23774000
549,175,5,3,11,Kadikoy,Var,Var,14174000
550,159,2,2,28,Atasehir,Var,Yok,10116000
551,84,2,3,10,Besiktas,Var,Var,7725000
552,259,1,1,9,Uskudar,Var,Yok,17129000
553,248,2,2,44,Kartal,Var,Var,13733000
554,89,5,3,6,Sisli,Var,Var,7840000
555,322,2,1,0,Sisli,Yok,Yok,24509000
556,169,5,3,27,Sisli,Var,Var,13649000
557,79,5,1,6,Uskudar,Var,Var,6127000
558,131,3,3,21,Atasehir,Var,Var,9230000
559,132,4,3,48,Besiktas,Var,Yok,10989000
560,156,3,1,0,Kadikoy,Var,Yok,11843000
561,161,2,1,10,Uskudar,Var,Var,11435000
562,128,5,3,10,Uskudar,Yok,Yok,9280000
563,280,1,2,24,Kartal,Yok,Var,15909000
564,281,1,2,26,Kadikoy,Yok,Yok,19837000
565,196,3,1,7,Besiktas,Var,Yok,16301000
566,214,3,3,44,Besiktas,Var,Yok,17550000
567,235,1,3,14,Uskudar,Var,Yok,15629000
568,287,5,1,42,Kartal,Var,Yok,16283000
569,68,5,3,49,Uskudar,Var,Var,4712000
570,154,5,1,15,Kartal,Var,Yok,9158000
571,68,5,3,18,Kadikoy,Var,Var,6099000
572,142,2,2,9,Uskudar,Var,Var,10096000
573,238,5,1,27,Atasehir,Var,Var,15679000
574,140,4,1,30,Uskudar,Var,Yok,9591000
575,229,3,3,27,Kartal,Yok,Yok,12857000
576,115,4,3,46,Kartal,Var,Var,6389000
577,75,3,2,37,Uskudar,Var,Var,5412000
578,258,3,1,1,Uskudar,Var,Yok,17751000
579,329,4,3,23,Uskudar,Var,Var,22527000
580,314,3,3,11,Uskudar,Var,Var,21468000
581,49,5,1,37,Uskudar,Var,Yok,3822000
582,95,2,2,12,Atasehir,Var,Yok,6584000
583,219,1,1,3,Besiktas,Var,Var,18393000
584,51,4,3,47,Sisli,Var,Yok,4037000
585,198,5,2,18,Uskudar,Yok,Yok,13433000
586,57,3,1,38,Kadikoy,Var,Var,4204000
587,309,4,1,25,Besiktas,Var,Yok,25132000
588,53,1,3,39,Uskudar,Var,Var,3740000
589,247,4,2,26,Kartal,Yok,Var,13956000
590,191,4,1,23,Kadikoy,Var,Yok,14116000
591,207,3,2,47,Atasehir,Yok,Var,13456000
592,278,1,1,27,Sisli,Var,Yok,20435000
593,175,5,2,40,Atasehir,Yok,Yok,11402000
594,145,2,2,0,Kadikoy,Var,Yok,11160000
595,148,2,3,22,Besiktas,Yok,Var,12500000
596,165,1,3,24,Uskudar,Var,Yok,11159000
597,127,2,1,17,Kartal,Var,Var,7192000
598,316,5,2,44,Kadikoy,Var,Yok,23210000
599,250,1,3,7,Atasehir,Yok,Var,16250000
600,324,2,1,0,Kadikoy,Var,Var,23607000
601,111,5,2,41,Kartal,Var,Yok,6461000
602,66,2,2,1,Atasehir,Var,Var,4524000
603,341,1,2,23,Kadikoy,Yok,Yok,24751000
604,118,1,2,15,Besiktas,Yok,Var,9787000
605,180,5,1,33,Sisli,Var,Var,14556000
606,345,3,1,36,Besiktas,Yok,Var,27575000
607,283,3,2,42,Sisli,Var,Var,21007000
608,286,2,1,47,Kadikoy,Var,Yok,20183000
609,243,1,2,10,Uskudar,Var,Yok,16444000
610,321,4,2,24,Atasehir,Var,Var,21199000
611,104,5,2,40,Sisli,Yok,Yok,8053000
612,289,3,2,11,Sisli,Var,Yok,22011000
613,232,4,1,4,Atasehir,Yok,Var,15600000
614,169,3,1,37,Atasehir,Var,Var,10778000
615,97,1,2,16,Atasehir,Var,Yok,6377000
616,202,5,3,15,Besiktas,Var,Yok,17127000
617,73,4,3,1,Uskudar,Var,Yok,5921000
618,258,4,1,9,Kadikoy,Var,Yok,19263000
619,252,3,3,18,Atasehir,Var,Yok,16599000
620,257,3,1,0,Sisli,Var,Yok,19753000
621,42,2,3,0,Atasehir,Var,Var,3052000
622,213,5,3,20,Sisli,Yok,Var,16893000
623,328,4,2,31,Sisli,Var,Yok,24867000
624,42,1,1,12,Uskudar,Yok,Var,3214000
625,305,3,3,23,Atasehir,Var,Var,20100000
626,340,2,3,2,Kadikoy,Var,Var,25231000
627,144,3,3,11,Kartal,Var,Var,8648000
628,147,5,3,47,Atasehir,Yok,Yok,9938000
629,344,3,1,23,Atasehir,Var,Yok,22184000
630,56,2,3,15,Atasehir,Var,Var,4165000
631,247,3,3,4,Kadikoy,Var,Var,18838000
632,237,2,1,46,Sisli,Var,Var,17577000
633,287,3,3,48,Kadikoy,Var,Var,20828000
634,211,1,2,3,Uskudar,Var,Yok,14454000
635,114,2,2,37,Sisli,Var,Var,8765000
636,228,1,2,22,Sisli,Var,Var,17625000
637,217,2,3,48,Kadikoy,Var,Var,15503000
638,284,1,3,4,Sisli,Var,Yok,21350000
639,90,4,1,9,Kartal,Var,Yok,5688000
640,71,5,1,25,Atasehir,Var,Yok,4942000
641,91,2,3,9,Kadikoy,Var,Var,7289000
642,322,4,2,22,Uskudar,Var,Var,21935000
643,303,1,2,19,Sisli,Var,Var,22875000
644,270,5,3,20,Atasehir,Var,Var,17750000
645,81,1,2,18,Besiktas,Var,Var,6807000
646,114,2,2,8,Kadikoy,Var,Yok,8687000
647,91,3,1,32,Atasehir,Var,Yok,5989000
648,218,5,3,37,Atasehir,Var,Var,14559000
649,83,3,1,44,Sisli,Var,Var,6427000
650,323,3,3,40,Besiktas,Var,Yok,26194000
651,172,2,3,25,Atasehir,Var,Var,11079000
652,172,2,1,45,Atasehir,Yok,Var,11043000
653,152,1,3,35,Kartal,Var,Yok,7996000
654,255,4,3,1,Sisli,Var,Var,20291000
655,324,1,1,39,Kadikoy,Var,Var,22878000
656,268,3,2,16,Kartal,Var,Var,15243000
657,62,2,2,31,Kadikoy,Var,Var,4531000
658,296,5,1,29,Kartal,Yok,Yok,16725000
659,77,5,1,1,Uskudar,Yok,Yok,5672000
660,190,3,3,42,Kartal,Var,Var,10667000
661,44,1,3,10,Kadikoy,Var,Yok,3732000
662,234,1,2,10,Sisli,Var,Yok,17415000
663,199,4,3,24,Besiktas,Var,Var,16944000
664,210,1,3,23,Atasehir,Var,Yok,13430000
665,110,3,3,15,Besiktas,Var,Var,9623000
666,181,1,2,19,Besiktas,Yok,Var,14498000
667,71,2,3,23,Besiktas,Var,Yok,6300000
668,102,4,3,36,Sisli,Var,Var,8486000
669,136,3,2,46,Uskudar,Var,Var,9302000
670,176,4,3,32,Besiktas,Var,Var,14517000
671,117,1,2,9,Kartal,Yok,Var,6799000
672,166,5,3,33,Atasehir,Var,Var,11197000
673,117,2,1,25,Atasehir,Var,Yok,7393000
674,105,4,3,29,Atasehir,Var,Var,7534000
675,41,4,2,22,Kartal,Yok,Var,2654000
676,49,3,3,12,Uskudar,Var,Yok,3905000
677,147,5,1,40,Uskudar,Var,Var,10211000
678,195,5,1,4,Kadikoy,Var,Var,15003000
679,345,4,1,43,Kartal,Var,Var,19535000
680,223,2,3,31,Kadikoy,Var,Var,16406000
681,226,3,2,49,Uskudar,Var,Var,15354000
682,325,4,3,35,Kartal,Yok,Yok,17748000
683,117,2,2,37,Uskudar,Yok,Var,7606000
684,214,1,2,7,Kartal,Yok,Var,12004000
685,304,3,3,3,Kadikoy,Var,Var,22963000
686,160,3,2,19,Kartal,Var,Yok,9257000
687,124,1,1,13,Kadikoy,Var,Var,9297000
688,40,4,1,24,Kartal,Yok,Var,2830000
689,223,4,2,17,Kartal,Var,Yok,12671000
690,67,1,1,37,Kartal,Var,Yok,3837000
691,291,5,3,27,Sisli,Var,Yok,22301000
692,117,4,1,33,Sisli,Var,Var,9487000
693,278,4,2,4,Uskudar,Var,Yok,19512000
694,173,4,3,47,Atasehir,Yok,Var,11331000
695,231,2,1,37,Kadikoy,Var,Var,16436000
696,93,5,3,21,Besiktas,Yok,Var,8599000
697,249,4,2,16,Besiktas,Yok,Var,20344000
698,308,5,1,5,Sisli,Yok,Yok,23514000
699,333,5,2,41,Uskudar,Yok,Var,22745000
700,47,1,3,25,Kadikoy,Var,Var,3823000
701,245,1,2,36,Kartal,Var,Var,13456000
702,223,3,3,46,Kadikoy,Var,Var,16247000
703,178,1,1,11,Atasehir,Var,Var,11633000
704,255,1,3,14,Kadikoy,Var,Yok,18403000
705,178,3,1,9,Besiktas,Var,Var,15046000
706,136,5,2,31,Besiktas,Var,Var,11829000
707,121,2,2,24,Atasehir,Yok,Yok,7773000
708,215,5,3,48,Kartal,Var,Var,12097000
709,258,1,2,33,Kartal,Var,Var,13905000
710,277,2,2,36,Kadikoy,Yok,Var,20061000
711,295,2,2,17,Kartal,Var,Var,16702000
712,283,2,3,6,Atasehir,Var,Var,18745000
713,111,2,3,20,Sisli,Var,Var,8970000
714,95,4,1,23,Uskudar,Var,Var,6867000
715,156,3,1,45,Sisli,Var,Var,11607000
716,265,2,3,43,Atasehir,Yok,Yok,16528000
717,165,1,3,2,Kadikoy,Var,Yok,12206000
718,322,1,1,19,Sisli,Var,Var,24078000
719,102,5,2,33,Besiktas,Var,Yok,8556000
720,69,1,3,49,Sisli,Var,Var,5277000
721,259,4,3,29,Kartal,Var,Yok,14847000
722,147,3,1,10,Atasehir,Var,Var,10130000
723,248,1,1,45,Besiktas,Var,Var,19655000
724,312,2,3,0,Sisli,Var,Var,24090000
725,53,5,2,21,Kartal,Var,Yok,3606000
726,110,3,1,8,Atasehir,Var,Yok,7480000
727,281,4,1,37,Kartal,Var,Var,15897000
728,98,5,2,29,Kartal,Var,Var,5949000
729,335,5,3,6,Atasehir,Var,Yok,22035000
730,322,1,1,18,Atasehir,Yok,Yok,20353000
731,301,4,3,37,Sisli,Var,Var,22814000
732,256,2,2,23,Kartal,Var,Var,14522000
733,182,3,2,33,Sisli,Var,Yok,14016000
734,155,4,1,23,Uskudar,Var,Var,10910000
735,76,1,2,23,Kadikoy,Yok,Var,5560000
736,331,4,1,40,Atasehir,Var,Yok,21191000
737,40,2,1,19,Kartal,Var,Yok,2151000
738,299,4,2,23,Atasehir,Var,Var,19679000
739,238,5,2,14,Kartal,Var,Yok,13931000
740,215,4,3,30,Kadikoy,Var,Var,16179000
741,272,4,3,40,Besiktas,Var,Yok,22435000
742,292,1,2,20,Atasehir,Yok,Var,18682000
743,264,1,2,9,Sisli,Var,Var,19815000
744,223,5,3,7,Kadikoy,Var,Var,17026000
745,131,1,2,24,Kartal,Yok,Yok,7266000
746,218,4,3,4,Atasehir,Var,Yok,14732000
747,60,3,2,31,Kartal,Var,Var,3718000
748,131,1,1,7,Atasehir,Var,Yok,8724000
749,267,5,1,40,Besiktas,Var,Yok,21767000
750,228,5,3,37,Atasehir,Var,Var,15086000
751,127,2,3,16,Uskudar,Yok,Var,8997000
752,45,3,2,25,Atasehir,Var,Var,3452000
753,121,5,1,15,Besiktas,Yok,Var,10668000
754,268,3,3,6,Uskudar,Var,Yok,18419000
755,63,3,1,2,Besiktas,Var,Yok,5849000
756,289,2,2,41,Kartal,Yok,Var,16038000
757,284,3,3,8,Besiktas,Yok,Yok,23610000
758,96,1,1,41,Besiktas,Var,Var,7746000
759,241,4,2,4,Kartal,Var,Yok,13876000
760,133,1,3,19,Kadikoy,Yok,Var,9722000
761,86,2,2,10,Atasehir,Yok,Var,6022000
762,108,3,2,42,Kartal,Var,Var,6168000
763,267,4,3,31,Kartal,Var,Var,15031000
764,49,4,3,17,Uskudar,Var,Var,4326000
765,74,1,1,30,Atasehir,Yok,Yok,4493000
766,145,4,2,36,Uskudar,Var,Var,10218000
767,282,1,1,1,Besiktas,Var,Var,23475000
768,172,3,2,49,Kadikoy,Var,Var,12588000
769,319,1,1,42,Sisli,Var,Var,23570000
770,285,4,2,18,Kadikoy,Yok,Var,21180000
771,294,4,3,26,Besiktas,Var,Yok,23956000
772,288,2,1,4,Uskudar,Var,Var,19597000
773,337,5,1,28,Uskudar,Var,Var,22855000
774,217,1,3,18,Besiktas,Yok,Var,17773000
775,229,1,2,23,Sisli,Var,Yok,16888000
776,111,3,1,5,Atasehir,Yok,Yok,7471000
777,311,1,3,8,Kadikoy,Var,Yok,22799000
778,271,5,3,21,Sisli,Var,Var,20945000
779,85,2,2,34,Kartal,Var,Var,4780000
780,62,2,3,48,Kadikoy,Var,Yok,4469000
781,230,1,3,8,Uskudar,Var,Yok,15456000
782,276,1,3,24,Sisli,Var,Var,21014000
783,328,1,2,3,Kartal,Var,Yok,18544000
784,135,4,3,17,Besiktas,Var,Yok,11548000
785,108,3,3,45,Uskudar,Yok,Var,7168000
786,345,5,3,45,Uskudar,Var,Var,23431000
787,310,5,1,45,Sisli,Var,Var,23367000
788,127,5,3,2,Atasehir,Yok,Var,9016000
789,332,3,2,12,Kartal,Var,Yok,18799000
790,134,5,2,49,Besiktas,Var,Var,11396000
791,339,2,2,0,Kadikoy,Yok,Yok,25346000
792,311,1,2,26,Besiktas,Var,Yok,25108000
793,237,2,2,47,Uskudar,Var,Var,15563000
794,121,1,1,17,Uskudar,Var,Var,8224000
795,241,5,1,9,Uskudar,Var,Yok,16732000
796,318,4,1,42,Uskudar,Yok,Yok,21171000
797,335,4,2,39,Atasehir,Var,Var,21811000
798,46,5,2,41,Kartal,Var,Var,2922000
799,338,4,3,36,Kartal,Yok,Var,19150000
800,342,2,3,6,Besiktas,Var,Var,28008000
801,154,1,3,45,Kadikoy,Var,Yok,11220000
802,300,2,2,18,Kadikoy,Var,Yok,22070000
803,273,4,3,10,Uskudar,Var,Var,19015000
804,166,3,2,34,Uskudar,Var,Var,11451000
805,319,1,1,37,Uskudar,Var,Yok,21009000
806,296,5,3,12,Besiktas,Var,Var,25162000
807,98,3,3,28,Uskudar,Var,Var,7484000
808,320,5,2,17,Atasehir,Var,Var,21046000
809,242,4,2,37,Besiktas,Var,Var,19835000
810,307,3,1,3,Uskudar,Yok,Var,21149000
811,334,5,3,27,Sisli,Var,Var,25464000
812,100,2,1,45,Kartal,Yok,Yok,5355000
813,301,4,3,11,Atasehir,Var,Yok,19637000
814,49,3,3,0,Kadikoy,Var,Yok,4752000
815,134,1,3,41,Sisli,Var,Yok,9912000
816,178,3,3,23,Besiktas,Yok,Var,14667000
817,228,1,1,39,Kadikoy,Var,Var,15951000
818,343,4,1,2,Sisli,Var,Var,26204000
819,327,5,3,34,Kartal,Yok,Var,18378000
820,186,3,3,16,Kartal,Var,Var,10874000
821,239,4,2,24,Uskudar,Yok,Yok,16260000
822,168,4,1,10,Kartal,Var,Var,9871000
823,49,4,2,2,Besiktas,Var,Yok,5071000
824,157,1,1,46,Atasehir,Var,Var,9605000
825,79,4,1,11,Sisli,Yok,Yok,6379000
826,228,1,1,8,Sisli,Var,Var,17289000
827,331,3,2,49,Uskudar,Yok,Var,21850000
828,311,4,2,28,Kartal,Var,Yok,17480000
829,134,2,2,28,Sisli,Yok,Yok,10101000
830,300,1,1,42,Sisli,Var,Var,21737000
831,45,5,1,10,Uskudar,Yok,Yok,3704000
832,44,2,3,21,Kadikoy,Var,Var,3707000
833,287,5,3,15,Besiktas,Var,Yok,23744000
834,161,5,1,5,Sisli,Var,Var,13286000
835,131,4,2,45,Sisli,Var,Yok,9923000
836,52,4,3,27,Sisli,Var,Var,4647000
837,58,4,2,5,Atasehir,Var,Var,4480000
838,148,4,3,23,Uskudar,Var,Var,10598000
839,283,5,1,48,Atasehir,Var,Yok,18125000
840,78,1,2,22,Sisli,Var,Var,6099000
841,313,2,2,12,Kadikoy,Var,Var,23196000
842,80,4,3,5,Kadikoy,Var,Yok,6694000
843,312,4,3,7,Atasehir,Var,Var,20346000
844,257,3,1,12,Uskudar,Var,Var,17487000
845,202,1,2,34,Sisli,Var,Var,14887000
846,131,1,2,10,Besiktas,Var,Yok,10777000
847,328,4,2,33,Kartal,Yok,Var,18807000
848,133,4,1,27,Atasehir,Var,Yok,8566000
849,86,2,3,17,Kartal,Yok,Var,5158000
850,227,5,1,22,Kadikoy,Var,Var,16893000
851,325,3,1,49,Kartal,Yok,Var,17798000
852,182,2,3,14,Uskudar,Var,Yok,12564000
853,236,5,3,11,Kadikoy,Var,Var,18237000
854,107,3,1,22,Uskudar,Var,Var,7484000
855,290,1,1,19,Kadikoy,Var,Var,21003000
856,85,5,2,1,Besiktas,Var,Var,8342000
857,254,5,1,49,Uskudar,Var,Var,17108000
858,56,1,3,31,Kartal,Var,Yok,3560000
859,103,4,3,2,Sisli,Yok,Var,9113000
860,338,4,3,22,Kadikoy,Var,Yok,25184000
861,297,2,3,41,Kartal,Var,Var,16605000
862,193,5,1,4,Uskudar,Yok,Yok,13724000
863,170,5,2,11,Besiktas,Yok,Var,14737000
864,196,3,3,35,Sisli,Yok,Yok,15009000
865,186,2,1,27,Uskudar,Var,Yok,12778000
866,200,5,3,9,Kadikoy,Var,Var,15450000
867,200,4,3,47,Kartal,Var,Var,11273000
868,264,5,2,46,Besiktas,Var,Yok,21678000
869,185,2,2,33,Sisli,Yok,Yok,14052000
870,340,3,3,42,Sisli,Yok,Var,25191000
871,290,5,1,31,Sisli,Var,Yok,22072000
872,117,1,2,2,Sisli,Var,Var,9159000
873,349,1,3,11,Uskudar,Var,Var,23534000
874,42,1,2,34,Uskudar,Var,Yok,2378000
875,348,5,2,31,Atasehir,Var,Var,22801000
876,205,5,1,37,Kartal,Yok,Yok,11758000
877,142,3,1,26,Kadikoy,Var,Yok,10725000
878,259,2,2,15,Kadikoy,Var,Yok,18977000
879,146,1,2,46,Kadikoy,Var,Var,10466000
880,173,1,1,5,Uskudar,Var,Yok,11433000
881,245,1,2,19,Uskudar,Var,Var,16784000
882,119,4,2,42,Kartal,Yok,Yok,6946000
883,87,4,2,23,Kartal,Var,Var,5265000
884,203,1,3,26,Uskudar,Yok,Yok,13199000
885,259,4,1,8,Sisli,Var,Var,20334000
886,270,1,1,17,Kartal,Var,Var,15079000
887,96,1,2,1,Sisli,Var,Yok,7567000
888,180,3,3,9,Kartal,Var,Yok,10714000
889,305,3,1,19,Besiktas,Var,Yok,24628000
890,339,3,2,6,Atasehir,Yok,Var,22142000
891,286,1,2,20,Kartal,Yok,Yok,16016000
892,225,4,2,39,Kartal,Var,Var,12812000
893,116,4,1,29,Kartal,Var,Var,6985000
894,199,4,2,37,Sisli,Yok,Var,15413000
895,269,4,3,38,Besiktas,Var,Var,22393000
896,67,2,3,23,Uskudar,Var,Var,5035000
897,74,3,1,14,Besiktas,Var,Var,6695000
898,209,1,2,2,Uskudar,Var,Var,14412000
899,324,5,2,35,Atasehir,Var,Var,20895000
900,68,4,2,29,Atasehir,Var,Var,5357000
901,86,2,1,20,Sisli,Var,Yok,7000000
902,61,5,1,19,Atasehir,Yok,Yok,4125000
903,116,1,2,2,Kartal,Var,Yok,6774000
904,292,5,2,35,Sisli,Yok,Var,22289000
905,160,3,2,34,Sisli,Yok,Var,11886000
906,308,1,2,39,Kartal,Var,Var,16892000
907,67,1,2,32,Besiktas,Yok,Yok,4764000
908,194,4,1,8,Besiktas,Var,Var,16991000
909,124,3,2,45,Atasehir,Var,Yok,8067000
910,121,2,1,6,Atasehir,Yok,Var,8129000
911,104,4,3,25,Besiktas,Var,Var,9292000
912,115,4,3,49,Besiktas,Var,Var,9924000
913,301,3,1,33,Kartal,Var,Var,16992000
914,263,5,2,35,Sisli,Var,Var,20338000
915,182,3,1,42,Kadikoy,Var,Yok,13259000
916,42,3,1,1,Besiktas,Var,Var,3913000
917,234,5,2,44,Kadikoy,Var,Yok,16667000
918,235,5,1,36,Atasehir,Var,Var,15356000
919,138,5,1,10,Kartal,Var,Var,8251000
920,178,4,2,33,Kadikoy,Yok,Yok,12959000
921,133,5,2,45,Sisli,Yok,Yok,10355000
922,327,4,2,29,Sisli,Var,Var,24850000
923,311,2,3,15,Sisli,Yok,Var,23773000
924,273,4,3,26,Kartal,Yok,Var,15762000
925,125,5,3,38,Besiktas,Yok,Var,10823000
926,157,5,3,44,Kartal,Var,Var,9255000
927,152,3,2,33,Besiktas,Var,Yok,12622000
928,242,1,2,21,Besiktas,Yok,Var,19552000
929,100,5,2,1,Kadikoy,Var,Var,8165000
930,78,3,1,36,Besiktas,Var,Yok,6225000
931,61,1,1,40,Uskudar,Var,Yok,4082000
932,59,4,3,3,Uskudar,Yok,Yok,4914000
933,312,2,1,6,Sisli,Var,Yok,23868000
934,274,1,3,42,Kadikoy,Var,Yok,19762000
935,136,3,2,29,Kartal,Yok,Var,8043000
936,229,1,2,42,Sisli,Var,Var,17261000
937,336,2,1,49,Kadikoy,Var,Var,24142000
938,143,5,1,45,Uskudar,Var,Yok,9768000
939,175,2,2,22,Kadikoy,Var,Var,12767000
940,254,5,1,0,Atasehir,Yok,Var,17275000
941,91,4,1,3,Besiktas,Var,Yok,8164000
942,313,2,2,27,Kartal,Yok,Var,17459000
943,146,3,1,5,Besiktas,Yok,Var,12193000
944,102,5,3,9,Sisli,Var,Yok,9105000
945,44,2,2,25,Besiktas,Var,Yok,3696000
946,193,5,3,33,Besiktas,Yok,Var,16016000
947,150,1,3,10,Uskudar,Var,Var,10643000
948,72,3,1,9,Sisli,Yok,Var,6113000
949,203,1,2,47,Uskudar,Yok,Var,13127000
950,131,3,2,42,Atasehir,Var,Var,8790000
951,330,2,1,30,Kadikoy,Yok,Yok,23305000
952,124,1,1,21,Kartal,Yok,Yok,6705000
953,77,3,1,12,Kartal,Var,Yok,4431000
954,210,2,1,15,Sisli,Var,Var,16233000
955,138,4,3,22,Besiktas,Yok,Var,11615000
956,295,5,3,31,Kartal,Var,Yok,17048000
957,48,5,1,22,Atasehir,Var,Var,3927000
958,60,2,1,44,Kartal,Var,Var,3023000
959,168,4,3,49,Kartal,Var,Var,9975000
960,137,1,3,32,Kadikoy,Var,Yok,9879000
961,347,3,2,13,Sisli,Yok,Var,26299000
962,70,1,3,14,Kadikoy,Yok,Yok,5321000
963,277,3,1,10,Kadikoy,Var,Var,20630000
964,65,1,1,26,Sisli,Var,Var,4836000
965,169,1,1,34,Besiktas,Var,Yok,13586000
966,166,4,2,38,Kadikoy,Var,Yok,12041000
967,347,4,3,33,Uskudar,Var,Var,23314000
968,118,1,3,18,Sisli,Yok,Yok,8925000
969,241,4,2,47,Kartal,Var,Var,13559000
970,307,3,2,47,Besiktas,Var,Var,24829000
971,216,1,2,0,Sisli,Yok,Var,16524000
972,189,3,1,6,Kartal,Var,Yok,11082000
973,106,1,2,14,Kadikoy,Yok,Var,7512000
974,132,4,1,10,Kartal,Var,Yok,7840000
975,246,5,3,12,Uskudar,Yok,Var,17097000
976,197,4,3,17,Besiktas,Var,Var,16463000
977,95,1,1,36,Kartal,Var,Var,5482000
978,135,2,2,1,Uskudar,Var,Yok,9287000
979,92,2,2,11,Uskudar,Var,Var,6731000
980,288,2,3,36,Kadikoy,Var,Yok,20526000
981,42,1,2,9,Besiktas,Yok,Var,3965000
982,51,4,3,40,Atasehir,Yok,Yok,3265000
983,241,5,1,2,Besiktas,Var,Var,20692000
984,231,3,2,5,Besiktas,Var,Yok,19155000
985,267,2,2,0,Kadikoy,Var,Yok,19878000
986,46,2,3,45,Kadikoy,Var,Var,3478000
987,170,1,2,6,Kadikoy,Var,Yok,12631000
988,169,1,3,19,Atasehir,Var,Yok,11131000
989,218,1,3,43,Atasehir,Var,Yok,13793000
990,200,5,3,48,Kadikoy,Var,Var,14724000
991,317,4,2,7,Sisli,Yok,Var,23951000
992,75,1,3,12,Kartal,Yok,Yok,4177000
993,239,3,3,34,Kartal,Var,Yok,13588000
994,286,1,3,8,Uskudar,Var,Var,19432000
995,99,5,2,13,Sisli,Yok,Var,8297000
996,177,3,1,35,Kadikoy,Var,Yok,12616000
997,213,2,1,21,Kartal,Var,Yok,12362000
998,281,3,1,2,Kadikoy,Yok,Yok,20747000
999,159,2,1,21,Besiktas,Var,Var,12987000
1000,126,4,1,17,Sisli,Var,Var,9785000
1001,208,5,1,26,Kadikoy,Var,Var,15790000
1002,188,5,1,8,Atasehir,Var,Var,12687000
1003,262,2,3,49,Kartal,Yok,Var,14536000
1004,84,1,3,46,Kartal,Var,Var,4367000
1005,181,4,2,2,Kadikoy,Var,Yok,13271000
1006,246,3,1,15,Kadikoy,Var,Yok,18080000
1007,85,3,3,27,Uskudar,Var,Yok,6261000
1008,87,4,2,32,Uskudar,Var,Yok,6149000
1009,219,4,3,35,Besiktas,Yok,Var,18094000
1010,216,4,3,8,Kartal,Var,Yok,12613000
1011,182,1,3,38,Kadikoy,Var,Yok,12878000
1012,242,2,3,25,Atasehir,Yok,Yok,15522000
1013,104,2,3,32,Atasehir,Yok,Var,7050000
1014,170,1,1,6,Kadikoy,Var,Yok,12359000
1015,249,5,3,10,Sisli,Var,Yok,19618000
1016,296,1,3,8,Atasehir,Var,Yok,19218000
1017,287,3,1,35,Kadikoy,Var,Var,20780000
1018,347,4,3,1,Uskudar,Var,Var,23713000
1019,346,1,3,38,Atasehir,Var,Var,22212000
1020,276,4,1,24,Kartal,Yok,Var,15618000
1021,348,5,2,34,Kartal,Var,Yok,19560000
1022,89,5,2,32,Uskudar,Var,Var,6579000
1023,114,2,3,23,Kartal,Yok,Yok,6604000
1024,85,1,1,46,Kadikoy,Var,Yok,5705000
1025,242,3,1,48,Uskudar,Yok,Var,15893000
1026,114,3,1,49,Besiktas,Var,Var,9058000
1027,157,4,3,16,Kartal,Var,Var,9675000
1028,152,4,1,34,Sisli,Var,Var,11853000
1029,119,4,2,32,Uskudar,Var,Var,8244000
1030,249,4,3,32,Uskudar,Yok,Var,17070000
1031,290,3,3,5,Atasehir,Yok,Var,19392000
1032,325,4,2,3,Besiktas,Var,Var,27718000
1033,136,5,3,20,Besiktas,Var,Var,11810000
1034,234,1,1,49,Kadikoy,Var,Yok,15939000
1035,249,5,1,29,Atasehir,Yok,Var,16491000
1036,348,1,1,11,Uskudar,Var,Var,23350000
1037,105,5,1,34,Kadikoy,Yok,Var,7775000
1038,279,5,2,17,Uskudar,Var,Yok,19415000
1039,280,3,2,18,Kadikoy,Var,Yok,20500000
1040,171,5,1,30,Uskudar,Var,Var,12149000
1041,271,1,3,36,Kadikoy,Var,Var,19762000
1042,46,3,2,26,Kadikoy,Yok,Yok,3726000
1043,146,1,3,5,Uskudar,Var,Var,10137000
1044,318,2,2,11,Atasehir,Yok,Var,20518000
1045,300,4,3,23,Besiktas,Var,Var,25454000
1046,265,5,3,21,Kartal,Var,Var,15647000
1047,266,4,3,1,Uskudar,Var,Yok,18341000
1048,98,4,2,39,Besiktas,Var,Var,8228000
1049,171,4,3,6,Atasehir,Yok,Var,11747000
1050,97,2,2,24,Uskudar,Var,Var,6647000
1051,271,4,3,11,Kartal,Var,Var,15864000
1052,165,5,2,23,Uskudar,Var,Var,11690000
1053,216,5,3,6,Besiktas,Var,Yok,18587000
1054,133,2,1,46,Atasehir,Var,Yok,8475000
1055,122,4,3,9,Besiktas,Yok,Yok,10815000
1056,183,1,2,17,Kartal,Yok,Yok,9870000
1057,294,4,3,16,Kadikoy,Var,Yok,21850000
1058,274,4,2,32,Besiktas,Var,Var,22674000
1059,54,3,1,31,Kartal,Var,Var,3327000
1060,155,4,3,21,Atasehir,Var,Yok,10424000
1061,193,5,3,49,Atasehir,Var,Var,12857000
1062,127,4,1,26,Besiktas,Var,Var,10601000
1063,334,3,2,1,Sisli,Yok,Var,25563000
1064,79,5,1,2,Uskudar,Var,Var,6078000
1065,324,4,2,0,Kadikoy,Var,Yok,23917000
1066,204,4,1,37,Besiktas,Var,Yok,16766000
1067,121,3,3,46,Uskudar,Yok,Yok,8005000
1068,126,1,2,1,Kadikoy,Var,Yok,9761000
1069,146,1,2,19,Sisli,Var,Yok,10728000
1070,79,5,1,2,Besiktas,Var,Var,7477000
1071,94,5,3,43,Besiktas,Yok,Var,8290000
1072,122,2,1,15,Sisli,Var,Yok,9159000
1073,346,1,3,14,Atasehir,Yok,Var,22731000
1074,97,5,3,40,Kadikoy,Var,Var,7701000
1075,92,2,2,37,Atasehir,Yok,Var,6124000
1076,253,3,2,35,Besiktas,Var,Yok,20479000
1077,43,4,3,27,Besiktas,Yok,Yok,4296000
1078,185,2,2,4,Kadikoy,Var,Var,14172000
1079,154,1,1,47,Atasehir,Yok,Var,9476000
1080,109,1,1,6,Besiktas,Var,Yok,9082000
1081,312,4,1,12,Kartal,Var,Var,18069000
1082,339,5,2,2,Kadikoy,Var,Yok,25393000
1083,164,4,3,30,Atasehir,Var,Var,11465000
1084,298,2,3,0,Uskudar,Var,Var,20635000
1085,117,4,1,5,Uskudar,Var,Yok,8343000
1086,207,5,3,5,Kadikoy,Var,Var,16315000
1087,115,1,3,37,Uskudar,Var,Yok,7620000
1088,282,1,1,8,Besiktas,Var,Var,22716000
1089,65,2,2,9,Atasehir,Var,Var,4699000
1090,301,2,3,27,Sisli,Var,Var,22958000
1091,120,1,3,48,Sisli,Var,Var,8895000
1092,109,4,3,13,Besiktas,Var,Yok,9730000
1093,257,5,2,28,Sisli,Yok,Var,19838000
1094,284,3,1,37,Atasehir,Var,Var,18218000
1095,151,2,2,4,Sisli,Var,Var,11925000
1096,221,1,1,24,Atasehir,Var,Yok,13679000
1097,224,5,3,9,Kadikoy,Var,Yok,17461000
1098,65,3,3,12,Sisli,Var,Yok,5839000
1099,59,1,1,44,Atasehir,Var,Yok,3509000
1100,63,2,1,35,Kadikoy,Var,Var,4796000
1101,70,4,2,43,Atasehir,Var,Var,4768000
1102,273,1,2,7,Besiktas,Var,Var,22333000
1103,102,4,1,9,Besiktas,Yok,Yok,8929000
1104,135,3,3,38,Sisli,Yok,Var,10740000
1105,349,2,3,36,Sisli,Var,Var,26136000
1106,306,1,2,4,Atasehir,Var,Yok,19699000
1107,137,5,1,41,Sisli,Var,Yok,10658000
1108,254,1,3,30,Atasehir,Var,Var,16250000
1109,237,2,3,18,Uskudar,Var,Var,16121000
1110,325,2,3,20,Kadikoy,Var,Var,24114000
1111,231,3,3,10,Atasehir,Var,Var,15476000
1112,209,2,3,4,Kartal,Var,Var,12183000
1113,312,4,1,15,Kadikoy,Var,Yok,22862000
1114,334,5,2,11,Sisli,Var,Var,26371000
1115,89,5,1,36,Uskudar,Yok,Var,6148000
1116,44,2,2,42,Kartal,Var,Var,2551000
1117,95,1,1,31,Uskudar,Var,Yok,5807000
1118,253,5,1,31,Atasehir,Var,Yok,16847000
1119,208,3,1,43,Atasehir,Var,Yok,12963000
1120,150,5,3,0,Besiktas,Var,Var,13178000
1121,320,4,1,47,Sisli,Yok,Var,23970000
1122,189,2,3,0,Besiktas,Var,Var,16399000
1123,246,5,3,11,Atasehir,Var,Var,16792000
1124,210,5,1,42,Atasehir,Var,Var,14002000
1125,293,3,3,23,Sisli,Var,Var,22582000
1126,241,4,1,1,Kartal,Var,Yok,13624000
1127,127,1,3,34,Atasehir,Var,Var,8354000
1128,88,1,3,32,Atasehir,Var,Var,5794000
1129,247,1,3,39,Besiktas,Yok,Var,19516000
1130,194,5,1,14,Kartal,Var,Var,11381000
1131,129,4,2,29,Besiktas,Var,Var,11071000
1132,258,5,2,27,Uskudar,Var,Var,17813000
1133,97,2,3,21,Kadikoy,Var,Yok,7384000
1134,92,5,1,12,Besiktas,Yok,Var,8579000
1135,118,2,1,29,Sisli,Var,Var,9411000
1136,58,5,2,8,Atasehir,Var,Var,4400000
1137,320,5,3,43,Uskudar,Var,Var,21643000
1138,295,2,2,9,Kadikoy,Var,Var,21863000
1139,201,1,2,14,Uskudar,Yok,Yok,13274000
1140,140,1,2,8,Uskudar,Var,Yok,9575000
1141,335,5,1,2,Atasehir,Yok,Var,22089000
1142,114,2,2,42,Atasehir,Yok,Yok,7360000
1143,299,2,3,20,Uskudar,Var,Var,20310000
1144,125,3,2,11,Sisli,Yok,Yok,9714000
1145,78,5,1,11,Sisli,Var,Yok,6486000
1146,328,5,1,17,Kartal,Var,Var,18473000
1147,127,3,2,22,Sisli,Var,Var,9962000
1148,237,1,3,43,Kadikoy,Var,Yok,17188000
1149,224,2,2,41,Uskudar,Var,Var,14890000
1150,328,5,3,45,Kartal,Var,Var,18564000
1151,168,5,2,22,Kartal,Yok,Yok,9978000
1152,287,1,3,13,Sisli,Var,Var,21709000
1153,88,5,3,5,Uskudar,Var,Yok,7012000
1154,309,4,1,5,Kartal,Yok,Var,17615000
1155,174,4,2,29,Atasehir,Yok,Yok,11300000
1156,67,5,3,44,Kadikoy,Yok,Yok,5453000
1157,45,1,1,31,Sisli,Var,Yok,3226000
1158,74,5,1,15,Besiktas,Var,Yok,6375000
1159,175,3,2,11,Atasehir,Var,Var,12315000
1160,319,5,2,35,Kartal,Var,Var,18352000
1161,193,3,3,29,Sisli,Var,Var,15053000
1162,262,3,1,37,Besiktas,Yok,Yok,20507000
1163,174,1,2,30,Atasehir,Yok,Var,11021000
1164,280,3,1,2,Kadikoy,Var,Var,21033000
1165,84,5,3,47,Uskudar,Var,Yok,5906000
1166,204,5,1,4,Sisli,Var,Yok,15908000
1167,180,3,1,17,Atasehir,Var,Yok,11939000
1168,125,4,1,49,Kartal,Yok,Var,7094000
1169,206,2,2,41,Kadikoy,Var,Var,14717000
1170,177,2,2,46,Kadikoy,Var,Yok,12854000
1171,323,3,1,1,Kartal,Var,Var,18614000
1172,337,2,1,46,Besiktas,Yok,Yok,26776000
1173,236,2,3,8,Atasehir,Yok,Yok,14936000
1174,301,5,1,27,Besiktas,Var,Yok,24916000
1175,275,5,3,2,Atasehir,Yok,Yok,18109000
1176,150,4,1,24,Sisli,Var,Var,11849000
1177,221,2,2,48,Sisli,Var,Var,16403000
1178,198,1,2,2,Sisli,Yok,Yok,15141000
1179,89,3,1,8,Kartal,Yok,Var,5477000
1180,233,5,2,4,Besiktas,Var,Var,20004000
1181,231,3,1,9,Uskudar,Var,Var,16119000
1182,199,3,2,3,Sisli,Var,Yok,15527000
1183,67,3,1,1,Besiktas,Var,Var,6343000
1184,155,1,1,2,Uskudar,Var,Yok,10568000
1185,142,3,2,15,Besiktas,Yok,Yok,11527000
1186,215,2,3,5,Atasehir,Var,Yok,13776000
1187,249,1,3,27,Uskudar,Yok,Var,16905000
1188,221,2,1,9,Kadikoy,Var,Var,16514000
1189,270,5,2,28,Kartal,Yok,Var,15434000
1190,172,4,2,39,Kartal,Var,Var,9773000
1191,59,1,2,17,Kadikoy,Var,Yok,4426000
1192,71,5,3,20,Besiktas,Var,Yok,6755000
1193,214,5,2,30,Kadikoy,Var,Var,15854000
1194,245,2,3,32,Atasehir,Var,Var,15666000
1195,189,2,3,12,Besiktas,Var,Var,16070000
1196,303,2,3,38,Sisli,Var,Var,22709000
1197,108,5,1,32,Atasehir,Var,Yok,7296000
1198,93,1,3,25,Kartal,Var,Var,5386000
1199,108,3,3,8,Atasehir,Yok,Yok,7485000
1200,235,4,1,15,Sisli,Var,Var,18502000
1201,280,4,2,26,Atasehir,Var,Var,18211000
1202,161,3,1,2,Kadikoy,Var,Var,12237000
1203,237,1,1,36,Sisli,Yok,Var,17327000
1204,192,1,2,33,Kartal,Var,Var,10557000
1205,332,5,2,7,Uskudar,Var,Yok,22468000
1206,237,1,3,41,Besiktas,Yok,Yok,18842000
1207,335,4,2,40,Kadikoy,Yok,Var,24092000
1208,108,2,1,4,Kadikoy,Var,Yok,8392000
1209,257,2,1,48,Kadikoy,Var,Var,17952000
1210,142,4,2,28,Kartal,Var,Var,8008000
1211,125,1,3,0,Sisli,Yok,Yok,9844000
1212,212,4,1,18,Kadikoy,Var,Yok,15615000
1213,300,3,1,37,Kartal,Var,Var,16769000
1214,270,4,1,47,Uskudar,Var,Var,18021000
1215,274,4,2,32,Besiktas,Yok,Yok,22023000
1216,127,2,1,25,Uskudar,Var,Var,8364000
1217,180,1,2,22,Kadikoy,Var,Var,13033000
1218,173,3,3,42,Besiktas,Var,Yok,13856000
1219,290,2,3,39,Kartal,Yok,Var,16715000
1220,116,3,3,16,Kadikoy,Var,Var,9224000
1221,80,2,1,19,Uskudar,Var,Yok,5449000
1222,137,4,3,46,Sisli,Var,Yok,10677000
1223,272,5,3,28,Kartal,Var,Var,15766000
1224,153,3,3,44,Sisli,Var,Var,12052000
1225,304,3,1,6,Sisli,Var,Yok,22972000
1226,184,1,3,46,Kartal,Var,Var,10278000
1227,148,3,3,31,Besiktas,Yok,Yok,12297000
1228,52,3,1,16,Kartal,Var,Var,3339000
1229,264,1,3,32,Uskudar,Var,Yok,17245000
1230,150,2,2,15,Kadikoy,Yok,Yok,11269000
1231,289,5,2,27,Besiktas,Var,Yok,23735000
1232,281,5,1,21,Besiktas,Var,Yok,23343000
1233,338,5,1,12,Sisli,Var,Yok,25727000
1234,135,4,3,31,Besiktas,Var,Var,11485000
1235,260,4,2,19,Kartal,Var,Yok,14783000
1236,300,1,2,35,Sisli,Var,Var,22256000
1237,145,1,1,10,Kartal,Yok,Yok,7781000
1238,139,5,2,46,Sisli,Yok,Yok,10792000
1239,267,4,3,23,Uskudar,Var,Var,18650000
1240,264,2,2,32,Uskudar,Yok,Var,17743000
1241,125,5,1,11,Atasehir,Var,Var,8699000
1242,298,4,3,25,Atasehir,Var,Var,19293000
1243,333,4,2,5,Atasehir,Var,Var,22092000
1244,281,4,3,31,Uskudar,Var,Var,19743000
1245,340,4,1,48,Sisli,Yok,Yok,25148000
1246,339,2,2,14,Kadikoy,Yok,Var,24705000
1247,334,1,2,38,Besiktas,Var,Var,26837000
1248,261,1,1,44,Atasehir,Yok,Var,16548000
1249,96,1,3,9,Sisli,Var,Var,7607000
1250,314,3,1,38,Sisli,Var,Yok,23252000
1251,253,2,1,12,Besiktas,Var,Var,20503000
1252,101,1,1,44,Sisli,Var,Var,7469000
1253,330,1,2,26,Kartal,Yok,Yok,18039000
1254,349,1,3,36,Besiktas,Var,Var,27847000
1255,264,2,3,25,Besiktas,Var,Var,21921000
1256,313,2,1,33,Atasehir,Var,Yok,19710000
1257,336,3,2,6,Besiktas,Var,Var,27420000
1258,83,1,3,28,Atasehir,Yok,Yok,4760000
1259,224,5,3,5,Kadikoy,Yok,Var,17079000
1260,194,2,1,33,Kadikoy,Var,Var,14134000
1261,89,3,1,18,Sisli,Var,Yok,6842000
1262,243,5,2,43,Kadikoy,Var,Var,18116000
1263,317,1,2,43,Sisli,Var,Var,23332000
1264,256,1,2,21,Besiktas,Var,Yok,20721000
1265,308,1,1,45,Kadikoy,Var,Yok,21659000
1266,59,2,2,26,Kartal,Var,Yok,3632000
1267,116,4,3,21,Besiktas,Var,Var,10335000
1268,214,5,2,12,Kadikoy,Var,Yok,16279000
1269,161,2,1,44,Kartal,Yok,Var,8802000
1270,168,5,3,42,Uskudar,Yok,Var,11430000
1271,159,4,1,32,Atasehir,Yok,Var,10631000
1272,55,1,2,16,Kartal,Var,Var,3127000
1273,248,2,1,31,Besiktas,Var,Var,20031000
1274,170,2,2,46,Kadikoy,Var,Var,12179000
1275,284,4,1,19,Atasehir,Var,Var,18912000
1276,283,3,2,3,Kartal,Var,Var,16636000
1277,321,4,2,25,Kadikoy,Var,Var,23938000
1278,298,3,3,20,Atasehir,Var,Var,19700000
1279,168,1,2,28,Sisli,Yok,Var,12915000
1280,345,5,2,6,Sisli,Var,Var,27006000
1281,128,5,2,42,Atasehir,Yok,Var,8847000
1282,135,2,3,41,Besiktas,Var,Var,11114000
1283,312,4,3,14,Kartal,Var,Yok,17557000
1284,51,4,2,7,Atasehir,Var,Var,4715000
1285,309,4,1,29,Sisli,Var,Yok,23559000
1286,249,5,2,14,Atasehir,Yok,Yok,16616000
1287,143,3,1,3,Atasehir,Var,Yok,9521000
1288,228,2,2,33,Atasehir,Yok,Var,14587000
1289,288,2,3,48,Atasehir,Var,Yok,18300000
1290,86,3,1,10,Sisli,Var,Yok,6996000
1291,62,1,2,34,Besiktas,Var,Yok,4440000
1292,242,2,1,29,Besiktas,Var,Var,19522000
1293,56,4,1,1,Kartal,Var,Var,3415000
1294,211,1,2,38,Kadikoy,Var,Var,15152000
1295,291,3,1,14,Kartal,Var,Var,16488000
1296,178,2,2,6,Kadikoy,Var,Var,13127000
1297,190,5,1,10,Atasehir,Var,Var,12619000
1298,137,4,1,47,Kartal,Var,Yok,7770000
1299,98,2,2,38,Kadikoy,Var,Var,7337000
1300,233,2,3,43,Kadikoy,Var,Var,16805000
1301,157,2,3,32,Sisli,Var,Var,11819000
1302,144,4,1,49,Besiktas,Yok,Var,11808000
1303,337,1,2,0,Kartal,Var,Var,19096000
1304,71,2,1,10,Uskudar,Var,Var,5041000
1305,276,5,1,15,Besiktas,Var,Var,22998000
1306,294,4,2,29,Kadikoy,Var,Yok,21507000
1307,181,5,1,39,Besiktas,Var,Yok,14694000
1308,60,4,1,10,Kadikoy,Var,Yok,4610000
1309,313,3,1,21,Kartal,Var,Yok,17827000
1310,319,5,3,6,Kartal,Yok,Yok,18191000
1311,229,4,1,13,Besiktas,Var,Var,19256000
1312,121,4,1,21,Kartal,Yok,Var,7171000
1313,142,4,1,34,Kadikoy,Var,Yok,10266000
1314,271,5,3,47,Kartal,Var,Var,15592000
1315,200,1,1,19,Uskudar,Var,Var,13637000
1316,236,5,3,32,Sisli,Var,Var,18633000
1317,324,1,2,5,Atasehir,Var,Var,21225000
1318,58,2,2,15,Besiktas,Var,Var,5126000
1319,118,4,3,19,Uskudar,Var,Yok,8573000
1320,162,2,1,6,Sisli,Yok,Var,12587000
1321,326,2,3,16,Besiktas,Var,Var,26600000
1322,233,4,1,43,Kartal,Var,Var,13117000
1323,285,2,3,26,Uskudar,Var,Var,19175000
1324,297,3,1,36,Atasehir,Var,Var,19019000
1325,277,4,3,37,Kadikoy,Var,Yok,20615000
1326,101,5,2,43,Besiktas,Yok,Var,8736000
1327,147,4,2,44,Besiktas,Yok,Var,11871000
1328,322,3,3,31,Besiktas,Var,Var,26317000
1329,202,3,1,0,Uskudar,Yok,Var,13980000
1330,152,2,2,18,Besiktas,Yok,Yok,12723000
1331,45,3,3,2,Kartal,Var,Var,3368000
1332,275,4,3,7,Besiktas,Var,Yok,23124000
1333,92,5,2,30,Kartal,Yok,Var,5565000
1334,72,5,1,11,Kadikoy,Var,Var,6148000
1335,56,1,2,2,Kartal,Var,Yok,3244000
1336,162,1,1,4,Uskudar,Var,Var,11406000
1337,223,4,3,19,Kadikoy,Var,Var,16607000
1338,302,1,1,15,Atasehir,Var,Var,19449000
1339,132,1,2,29,Besiktas,Var,Var,10760000
1340,202,2,2,9,Kadikoy,Var,Var,15177000
1341,137,4,1,1,Atasehir,Var,Yok,9258000
1342,276,2,2,4,Atasehir,Var,Var,18347000
1343,269,2,2,26,Kartal,Var,Var,14956000
1344,45,4,1,44,Sisli,Var,Var,3867000
1345,77,5,2,30,Besiktas,Var,Yok,6884000
1346,78,4,3,47,Uskudar,Var,Var,5730000
1347,41,4,3,2,Uskudar,Var,Var,4334000
1348,77,2,1,16,Sisli,Var,Var,5969000
1349,239,5,1,30,Besiktas,Yok,Var,19729000
1350,267,4,1,40,Besiktas,Yok,Yok,21324000
1351,316,1,2,32,Atasehir,Yok,Yok,19612000
1352,308,5,3,26,Besiktas,Var,Yok,25205000
1353,262,1,1,21,Sisli,Var,Var,19785000
1354,241,2,1,40,Atasehir,Var,Yok,15080000
1355,170,4,1,36,Atasehir,Var,Var,11029000
1356,120,5,2,37,Atasehir,Var,Var,8332000
1357,220,5,3,21,Kartal,Var,Var,12815000
1358,171,1,3,14,Sisli,Var,Var,13120000
1359,288,1,3,29,Besiktas,Var,Var,22761000
1360,108,5,2,26,Uskudar,Var,Var,7669000
1361,122,4,1,13,Uskudar,Var,Var,8886000
1362,287,5,2,3,Sisli,Yok,Yok,22044000
1363,156,1,3,44,Sisli,Var,Var,11616000
1364,188,5,3,19,Besiktas,Yok,Var,16268000
1365,269,4,1,0,Sisli,Yok,Yok,20919000
1366,342,2,3,30,Kartal,Var,Var,19145000
1367,345,4,1,38,Kadikoy,Var,Yok,25336000
1368,168,1,1,16,Kadikoy,Var,Yok,12228000
1369,258,2,1,7,Kartal,Var,Var,14539000
1370,163,3,1,26,Sisli,Var,Yok,12337000
1371,277,4,1,21,Kartal,Var,Yok,15424000
1372,335,5,1,12,Kartal,Var,Var,19142000
1373,79,4,1,6,Besiktas,Var,Var,6899000
1374,267,2,1,44,Uskudar,Var,Var,17249000
1375,197,3,3,35,Atasehir,Var,Yok,12726000
1376,112,1,2,18,Uskudar,Var,Var,7626000
1377,194,4,3,32,Uskudar,Var,Var,13395000
1378,214,1,3,37,Atasehir,Var,Yok,13390000
1379,162,5,1,6,Besiktas,Var,Var,14061000
1380,95,5,1,0,Kadikoy,Yok,Yok,8017000
1381,346,4,3,33,Besiktas,Var,Yok,28149000
1382,154,4,3,28,Besiktas,Var,Var,13149000
1383,99,4,3,16,Kartal,Var,Var,5917000
1384,136,2,2,19,Kartal,Var,Yok,7609000
1385,321,2,2,32,Atasehir,Var,Var,20906000
1386,66,2,1,27,Kadikoy,Yok,Var,4451000
1387,136,4,3,1,Sisli,Var,Yok,11044000
1388,92,1,3,1,Atasehir,Yok,Var,6195000
1389,251,5,3,15,Atasehir,Var,Var,17092000
1390,238,2,2,31,Sisli,Var,Var,18143000
1391,249,1,1,15,Kadikoy,Yok,Yok,17954000
1392,242,2,2,48,Kartal,Var,Var,13545000
1393,80,5,2,15,Kartal,Yok,Var,4910000
1394,232,4,1,30,Uskudar,Var,Yok,15435000
1395,281,1,3,2,Kartal,Yok,Yok,16000000
1396,88,1,3,22,Besiktas,Yok,Var,7008000
1397,137,1,1,41,Sisli,Var,Var,9969000
1398,261,3,3,8,Sisli,Yok,Var,20216000
1399,177,4,1,47,Sisli,Var,Yok,13358000
1400,90,2,3,41,Atasehir,Yok,Var,6103000
1401,154,3,3,0,Atasehir,Var,Yok,10616000
1402,65,3,2,42,Atasehir,Var,Yok,4338000
1403,304,3,1,22,Kadikoy,Var,Yok,22026000
1404,269,1,3,28,Atasehir,Var,Yok,16829000
1405,149,5,3,11,Atasehir,Yok,Var,10429000
1406,264,4,1,9,Atasehir,Var,Yok,17530000
1407,258,2,2,30,Sisli,Yok,Yok,19343000
1408,123,4,1,44,Atasehir,Var,Yok,8378000
1409,237,3,2,29,Sisli,Var,Var,17981000
1410,253,1,3,27,Sisli,Var,Var,19271000
1411,315,5,2,28,Kadikoy,Var,Var,23244000
1412,136,2,3,24,Atasehir,Var,Var,9484000
1413,310,1,2,1,Besiktas,Yok,Var,25427000
1414,188,4,3,48,Uskudar,Var,Yok,12796000
1415,121,3,1,46,Uskudar,Yok,Yok,8041000
1416,61,3,2,37,Besiktas,Var,Var,5549000
1417,41,4,2,32,Uskudar,Var,Var,3560000
1418,226,5,1,30,Sisli,Var,Yok,17265000
1419,47,4,1,41,Uskudar,Var,Var,3329000
1420,123,2,2,3,Besiktas,Var,Var,10615000
1421,320,3,2,16,Besiktas,Var,Var,26225000
1422,187,2,1,31,Atasehir,Var,Var,12367000
1423,109,1,3,16,Atasehir,Var,Var,7232000
1424,335,4,2,1,Kadikoy,Var,Var,24877000
1425,197,2,3,44,Kartal,Var,Var,11120000
1426,145,5,2,6,Besiktas,Var,Var,12925000
1427,222,5,3,3,Uskudar,Var,Var,15852000
1428,333,3,1,1,Sisli,Yok,Yok,25545000
1429,40,4,3,2,Sisli,Var,Yok,3831000
1430,347,2,2,11,Besiktas,Yok,Var,28073000
1431,174,2,2,7,Besiktas,Yok,Yok,14037000
1432,149,3,3,22,Kartal,Var,Yok,8690000
1433,201,2,3,41,Uskudar,Var,Var,13744000
1434,326,5,3,40,Kadikoy,Var,Yok,23739000
1435,51,1,2,40,Kadikoy,Var,Var,3676000
1436,197,1,3,10,Besiktas,Var,Var,16178000
1437,194,3,2,8,Uskudar,Var,Var,13448000
1438,248,4,2,49,Kartal,Var,Var,13529000
1439,138,4,1,21,Atasehir,Var,Var,9354000
1440,263,2,3,17,Uskudar,Var,Yok,17788000
1441,343,1,1,44,Besiktas,Var,Var,26995000
1442,61,1,2,9,Kadikoy,Var,Var,4804000
1443,190,3,3,16,Sisli,Yok,Var,14932000
1444,279,1,3,48,Besiktas,Yok,Yok,21721000
1445,127,3,1,29,Uskudar,Var,Var,8722000
1446,140,2,3,24,Atasehir,Yok,Var,9284000
1447,79,5,1,12,Besiktas,Var,Yok,6764000
1448,49,5,3,13,Uskudar,Yok,Var,4313000
1449,52,2,1,44,Kadikoy,Yok,Var,3583000
1450,150,5,2,32,Uskudar,Var,Var,10822000
1451,297,5,2,44,Besiktas,Var,Yok,24290000
1452,52,3,1,31,Kartal,Var,Var,3295000
1453,300,3,3,41,Atasehir,Var,Yok,19065000
1454,187,1,2,27,Kartal,Var,Var,10684000
1455,246,2,2,24,Kartal,Yok,Var,13495000
1456,156,4,1,25,Sisli,Var,Yok,12334000
1457,142,1,2,23,Kartal,Var,Var,7976000
1458,335,3,2,33,Atasehir,Yok,Var,21022000
1459,285,4,2,30,Kartal,Yok,Yok,16049000
1460,257,4,1,23,Kadikoy,Yok,Var,18999000
1461,296,2,1,19,Kadikoy,Var,Var,21645000
1462,303,5,3,43,Sisli,Var,Var,23149000
1463,45,2,2,6,Atasehir,Var,Yok,3421000
1464,345,1,3,29,Uskudar,Var,Var,23104000
1465,251,4,1,27,Besiktas,Var,Var,20662000
1466,292,1,1,18,Besiktas,Var,Yok,23338000
1467,236,1,1,11,Atasehir,Var,Var,15452000
1468,346,2,3,10,Besiktas,Yok,Var,28397000
1469,304,3,2,21,Uskudar,Var,Var,20527000
1470,57,5,3,17,Atasehir,Var,Var,4484000
1471,57,5,3,23,Kartal,Var,Var,4063000
1472,285,5,1,10,Uskudar,Var,Var,19689000
1473,303,1,3,31,Atasehir,Yok,Yok,19123000
1474,101,5,3,14,Kadikoy,Var,Var,8600000
1475,108,3,2,29,Atasehir,Var,Var,7136000
1476,216,2,2,22,Kadikoy,Var,Var,15755000
1477,229,1,3,25,Atasehir,Yok,Yok,14652000
1478,224,5,3,20,Kartal,Var,Var,13157000
1479,232,1,3,27,Besiktas,Var,Var,18856000
1480,312,4,2,7,Atasehir,Yok,Yok,20581000
1481,303,1,1,30,Kartal,Yok,Yok,16403000
1482,139,3,2,19,Besiktas,Var,Yok,11368000
1483,128,5,3,28,Besiktas,Var,Var,11261000
1484,195,5,1,15,Kadikoy,Yok,Yok,14514000
1485,193,4,2,39,Besiktas,Var,Var,16204000
1486,270,4,1,19,Sisli,Var,Var,20915000
1487,138,1,2,28,Sisli,Var,Var,10459000
1488,247,3,2,41,Uskudar,Var,Var,16506000
1489,59,1,1,41,Atasehir,Var,Yok,3584000
1490,153,5,3,22,Uskudar,Yok,Var,10896000
1491,342,3,2,38,Atasehir,Yok,Yok,21712000
1492,141,2,2,44,Besiktas,Var,Yok,11279000
1493,147,1,2,19,Kadikoy,Var,Var,10891000
1494,181,4,3,23,Kadikoy,Var,Var,13774000
1495,284,5,3,37,Sisli,Yok,Yok,21433000
1496,233,5,1,43,Sisli,Var,Yok,17862000
1497,325,3,3,6,Sisli,Yok,Var,25186000
1498,128,3,3,43,Besiktas,Yok,Var,10352000
1499,68,2,2,28,Atasehir,Yok,Yok,4388000
1500,165,2,1,2,Atasehir,Yok,Var,10742000
